,Date,Open,High,Low,Close,Volume
0,2021-01-22,3304.31,3321.91,3283.1644,3292.23,2821914
1,2021-01-21,3293.0,3348.55,3289.5675,3306.99,4945051
2,2021-01-20,3181.99,3279.8,3175.0,3263.38,5309835
3,2021-01-19,3107.0,3145.0,3096.0,3120.76,3305142
4,2021-01-15,3123.02,3142.545,3095.17,3104.25,4243995
5,2021-01-14,3167.52,3177.9999,3120.59,3127.47,3070919
6,2021-01-13,3128.44,3189.95,3122.08,3165.89,3321244
7,2021-01-12,3120.0,3142.1418,3086.0,3120.83,3514582
8,2021-01-11,3148.01,3156.3841,3110.0,3114.21,3669095
9,2021-01-08,3180.0,3190.64,3142.2,3182.7,3537744
10,2021-01-07,3157.0,3208.542,3155.0,3162.16,3514545
11,2021-01-06,3146.48,3197.509,3131.16,3138.38,4394815
12,2021-01-05,3166.01,3223.38,3165.06,3218.51,2655548
13,2021-01-04,3270.0,3272.0,3144.02,3186.63,4411449
14,2020-12-31,3275.0,3282.9219,3241.2,3256.93,2957206
15,2020-12-30,3341.0,3342.1,3282.47,3285.85,3209310
16,2020-12-29,3309.94,3350.65,3281.223,3322.0,4872933
17,2020-12-28,3194.0,3304.0,3172.69,3283.96,5686787
18,2020-12-24,3193.9,3202.0,3169.0,3172.69,1451917
19,2020-12-23,3205.0,3210.13,3184.17,3185.27,2093787
20,2020-12-22,3202.8434,3222.0,3180.08,3206.52,2381781
21,2020-12-21,3200.01,3226.9666,3166.0,3206.18,3836846
22,2020-12-18,3243.99,3249.42,3171.6,3201.65,5995713
23,2020-12-17,3250.0,3263.51,3221.0,3236.08,3474347
24,2020-12-16,3176.01,3247.0,3163.68,3240.96,4427616
25,2020-12-15,3181.01,3188.4999,3130.49,3165.12,3323686
26,2020-12-14,3143.0,3190.47,3126.0,3156.97,4155794
27,2020-12-11,3096.66,3118.67,3072.82,3116.42,3064695
28,2020-12-10,3088.99,3142.1,3076.0,3101.49,3030179
29,2020-12-09,3167.89,3174.43,3088.0,3104.2,4096259
30,2020-12-08,3158.9,3184.13,3120.02,3177.29,3279049
31,2020-12-07,3156.48,3180.76,3141.69,3158.0,2745875
32,2020-12-04,3162.58,3198.21,3158.76,3162.58,2913611
33,2020-12-03,3205.46,3228.64,3181.31,3186.73,2892039
34,2020-12-02,3221.65,3232.0,3173.2601,3203.53,3129304
35,2020-12-01,3188.5,3248.95,3157.18,3220.08,4544382
36,2020-11-30,3208.48,3228.39,3125.55,3168.04,4063916
37,2020-11-27,3211.26,3216.19,3190.05,3195.34,2392867
38,2020-11-25,3141.87,3198.0,3140.26,3185.07,3790403
39,2020-11-24,3100.5,3134.25,3086.258,3118.06,3602102
40,2020-11-23,3116.6986,3139.745,3065.46,3098.39,4708887
41,2020-11-20,3117.02,3132.89,3098.0456,3099.4,3380138
42,2020-11-19,3105.31,3125.0,3080.92,3117.02,3010270
43,2020-11-18,3134.0,3140.0,3105.1,3105.46,2916836
44,2020-11-17,3183.5445,3189.25,3135.26,3135.66,3444735
45,2020-11-16,3093.2,3142.7,3072.685,3131.06,3808676
46,2020-11-13,3122.0,3141.7227,3085.39,3128.81,3762587
47,2020-11-12,3159.95,3175.88,3086.05,3110.28,4371208
48,2020-11-11,3061.78,3139.145,3050.0,3137.39,4366923
49,2020-11-10,3095.02,3114.0,3019.4828,3035.02,6590956
50,2020-11-09,3231.03,3289.0,3112.1057,3143.74,7190406
51,2020-11-06,3304.64,3322.0,3232.0,3311.37,4647330
52,2020-11-05,3319.97,3366.8,3288.88,3322.0,5789285
53,2020-11-04,3159.99,3244.85,3139.73,3241.16,6839041
54,2020-11-03,3018.53,3074.9,2980.98,3048.41,4897880
55,2020-11-02,3061.74,3079.705,2950.12,3004.48,7257350
56,2020-10-30,3157.75,3167.004,3019.0,3036.15,8396081
57,2020-10-29,3201.27,3257.25,3164.0,3211.01,6596529
58,2020-10-28,3249.3,3264.02,3162.47,3162.78,5588330
59,2020-10-27,3224.94,3291.66,3211.3,3286.33,4291047
60,2020-10-26,3198.74,3282.9799,3153.3,3207.04,5901151
61,2020-10-23,3191.0,3205.33,3140.0,3204.4,3466687
62,2020-10-22,3189.87,3198.75,3121.94,3176.4,4212005
63,2020-10-21,3212.5,3233.875,3160.0,3184.94,4592736
64,2020-10-20,3222.28,3266.0,3192.01,3217.01,4509678
65,2020-10-19,3299.61,3329.0,3192.735,3207.21,5223626
66,2020-10-16,3363.23,3399.6606,3160.0,3272.71,6474353
67,2020-10-15,3292.01,3355.88,3280.0,3338.65,5223448
68,2020-10-14,3447.0,3464.88,3340.0,3363.71,5828916
69,2020-10-13,3467.99,3492.38,3424.217,3443.63,5744697
70,2020-10-12,3349.94,3496.24,3339.55,3442.93,8364198
71,2020-10-09,3210.0,3288.99,3197.83,3286.65,4907871
72,2020-10-08,3224.99,3233.2944,3174.99,3190.55,3174114
73,2020-10-07,3135.0,3200.0,3132.385,3195.69,4309439
74,2020-10-06,3165.0,3182.0,3090.0,3099.96,5086857
75,2020-10-05,3145.84,3202.53,3140.85,3199.2,3775332
76,2020-10-02,3153.63,3195.7965,3123.0,3125.0,5613098
77,2020-10-01,3208.0,3224.0,3172.0,3221.26,4971922
78,2020-09-30,3141.14,3212.88,3133.99,3148.73,4896101
79,2020-09-29,3175.39,3188.26,3132.54,3144.88,3503398
80,2020-09-28,3148.85,3175.04,3117.1684,3174.05,4224165
81,2020-09-25,3054.86,3101.54,2999.0,3095.13,4615202
82,2020-09-24,2977.79,3069.3,2965.0,3019.79,5529392
83,2020-09-23,3120.43,3126.999,2992.3759,2999.86,5652665
84,2020-09-22,3033.835,3133.99,3000.2,3128.99,6948816
85,2020-09-21,2906.5,2962.0,2871.0,2960.47,6117925
86,2020-09-18,3031.74,3037.8,2905.54,2954.91,8892580
87,2020-09-17,3009.25,3029.432,2972.55,3008.73,6449050
88,2020-09-16,3179.99,3187.238,3074.15,3078.1,4531189
89,2020-09-15,3136.16,3175.02,3108.92,3156.13,4021535
90,2020-09-14,3172.9372,3187.39,3096.0,3102.97,4529596
91,2020-09-11,3208.69,3217.3409,3083.98,3116.22,5093982
92,2020-09-10,3307.2188,3349.89,3170.55,3175.11,5330741
93,2020-09-09,3202.99,3303.175,3185.0,3268.61,5188675
94,2020-09-08,3144.0,3250.845,3130.0,3149.84,6094205
95,2020-09-04,3318.0,3381.5,3111.13,3294.62,8781754
96,2020-09-03,3485.0,3488.41,3303.0,3368.0,8161113
97,2020-09-02,3547.0,3552.25,3486.685,3531.45,3931476
98,2020-09-01,3489.58,3513.87,3467.0,3499.12,3476407
99,2020-08-31,3408.99,3495.0,3405.0,3450.96,4185885
100,2020-08-28,3423.0,3433.3699,3386.5,3401.8,2896978
101,2020-08-27,3450.05,3453.0,3378.0,3400.0,4264795
102,2020-08-26,3351.11,3451.7387,3344.5675,3441.85,6508743
103,2020-08-25,3294.99,3357.4,3267.0,3346.49,3992842
104,2020-08-24,3310.15,3380.315,3257.5608,3307.46,4666258
105,2020-08-21,3295.0,3314.3962,3275.39,3284.72,3575862
106,2020-08-20,3252.0,3312.62,3238.0,3297.37,3332478
107,2020-08-19,3303.01,3315.9,3256.0001,3260.48,4185137
108,2020-08-18,3212.0,3320.0,3205.8187,3312.49,5345974
109,2020-08-17,3173.12,3194.97,3154.1775,3182.41,2691237
110,2020-08-14,3178.18,3178.2357,3120.0,3148.02,2751723
111,2020-08-13,3182.99,3217.5211,3155.0,3161.02,3149043
112,2020-08-12,3108.0,3174.385,3101.42,3162.24,3527229
113,2020-08-11,3113.2,3159.22,3073.0,3080.67,3718057
114,2020-08-10,3170.31,3172.51,3101.52,3148.16,3167274
115,2020-08-07,3224.01,3240.81,3140.6726,3167.46,3936127
116,2020-08-06,3194.36,3247.47,3165.43,3225.0,3940602
117,2020-08-05,3143.77,3213.5859,3127.3,3205.03,3930025
118,2020-08-04,3101.21,3167.24,3101.21,3138.83,4694294
119,2020-08-03,3180.51,3184.0,3104.0,3111.89,5074663
120,2020-07-31,3244.0,3246.82,3151.0,3164.68,8083369
121,2020-07-30,3014.0,3092.0,3005.0,3051.88,6128265
122,2020-07-29,3030.99,3039.1592,2996.77,3033.53,2974060
123,2020-07-28,3054.27,3077.0926,2995.76,3000.33,3126651
124,2020-07-27,3062.0,3098.0,3015.77,3055.21,4170492
125,2020-07-24,2930.0,3031.58,2888.0,3008.91,5632413
126,2020-07-23,3098.2713,3098.2713,2970.0,2986.55,5656906
127,2020-07-22,3125.0,3149.9999,3065.26,3099.91,4104225
128,2020-07-21,3232.49,3240.5758,3105.72,3138.29,6134965
129,2020-07-20,3000.2,3201.3599,2994.0172,3196.84,7598176
130,2020-07-17,3009.0,3024.0,2948.45,2961.97,4761319
131,2020-07-16,2971.06,3032.0,2918.23,2999.9,6394246
132,2020-07-15,3080.23,3098.35,2973.1801,3008.87,5788874
133,2020-07-14,3089.0,3127.38,2950.0,3084.0,7231933
134,2020-07-13,3251.06,3344.29,3068.3901,3104.0,7720420
135,2020-07-10,3191.76,3215.0,3135.7,3200.0,5485982
136,2020-07-09,3115.99,3193.8799,3074.0016,3182.63,6388659
137,2020-07-08,3022.61,3083.97,3012.4301,3081.11,5037635
138,2020-07-07,3058.55,3069.55,2990.0,3000.12,5257514
139,2020-07-06,2934.97,3059.88,2930.0,3057.04,6880642
140,2020-07-02,2912.01,2955.56,2871.1021,2890.3,6593387
141,2020-07-01,2757.99,2895.0,2754.0,2878.7,6363439
142,2020-06-30,2685.065,2769.63,2675.03,2758.82,3769686
143,2020-06-29,2690.01,2696.8,2630.08,2680.38,4223422
144,2020-06-26,2775.056,2782.5688,2688.0,2692.87,6500784
145,2020-06-25,2739.55,2756.23,2712.14,2754.58,2968657
146,2020-06-24,2780.0,2796.0,2721.0,2734.4,4526605
147,2020-06-23,2726.02,2783.11,2718.04,2764.41,4231707
148,2020-06-22,2684.5,2715.0,2669.0,2713.82,3208780
149,2020-06-19,2678.08,2697.43,2659.0,2675.01,5776963
150,2020-06-18,2647.01,2659.64,2636.11,2653.98,2487774
151,2020-06-17,2647.5,2655.0,2631.82,2640.98,2959316
152,2020-06-16,2620.0,2620.0,2576.0,2615.27,3595649
153,2020-06-15,2526.6,2584.0,2508.0001,2572.68,3873335
154,2020-06-12,2601.21,2621.4766,2503.35,2545.02,5436127
155,2020-06-11,2603.5,2671.38,2536.23,2557.96,5800107
156,2020-06-10,2645.0,2722.35,2626.26,2647.45,4946031
157,2020-06-09,2529.44,2626.43,2525.0,2600.86,5175950
158,2020-06-08,2500.2,2530.0,2487.335,2524.06,3970654
159,2020-06-05,2444.51,2488.645,2437.13,2483.0,3306445
160,2020-06-04,2477.43,2507.54,2450.01,2460.6,2948710
161,2020-06-03,2468.01,2488.0,2461.17,2478.4,2671024
162,2020-06-02,2467.0,2473.53,2445.31,2472.41,2529903
163,2020-06-01,2448.0,2476.93,2444.17,2471.04,2938032
164,2020-05-29,2415.94,2442.37,2398.1973,2442.37,3529329
165,2020-05-28,2384.33,2436.9699,2378.23,2401.1,3193136
166,2020-05-27,2404.99,2413.58,2330.0,2410.39,5056945
167,2020-05-26,2458.0,2462.0,2414.06,2421.86,3568153
168,2020-05-22,2455.01,2469.85,2430.13,2436.88,2867079
169,2020-05-21,2500.0,2525.45,2442.54,2446.74,5114403
170,2020-05-20,2477.87,2500.01,2467.27,2497.94,3998143
171,2020-05-19,2429.83,2484.995,2428.97,2449.33,4320498
172,2020-05-18,2404.3456,2433.0,2384.01,2426.26,4366572
173,2020-05-15,2368.52,2411.0,2356.37,2409.78,4234951
174,2020-05-14,2361.01,2391.37,2353.21,2388.85,3648128
175,2020-05-13,2366.8,2407.7,2337.805,2367.92,4782919
176,2020-05-12,2411.85,2418.9999,2355.0,2356.95,3074916
177,2020-05-11,2374.7,2419.665,2372.11,2409.0,3259231
178,2020-05-08,2372.14,2387.2449,2357.0,2379.61,3211228
179,2020-05-07,2374.78,2376.0,2343.11,2367.61,3396411
180,2020-05-06,2329.44,2357.45,2320.0,2351.26,3117814
181,2020-05-05,2340.0,2351.0,2307.1251,2317.8,3242496
182,2020-05-04,2256.38,2326.98,2256.38,2315.99,4865926
183,2020-05-01,2336.8,2362.44,2258.1901,2286.04,9772605
184,2020-04-30,2419.84,2475.0,2396.01,2474.0,9534611
185,2020-04-29,2330.01,2391.89,2310.0,2372.71,4591593
186,2020-04-28,2372.1,2373.5,2306.0,2314.08,5269446
187,2020-04-27,2443.2,2444.88,2363.0,2376.0,5645645
188,2020-04-24,2417.0,2420.4332,2382.0,2410.22,3831797
189,2020-04-23,2399.98,2424.22,2382.08,2399.45,5066552
190,2020-04-22,2369.0,2394.0,2351.0,2363.49,4218295
191,2020-04-21,2416.61,2428.3099,2279.66,2328.12,7476679
192,2020-04-20,2389.95,2444.98,2386.05,2393.61,5770694
193,2020-04-17,2372.33,2400.0,2316.02,2375.0,7930010
194,2020-04-16,2346.0,2460.9981,2335.0,2408.19,12038201
195,2020-04-15,2257.68,2333.369,2245.0,2307.68,6866567
196,2020-04-14,2200.47,2292.0,2186.21,2283.32,8087193
197,2020-04-13,2040.0,2180.0,2038.0,2168.87,6716709
198,2020-04-09,2044.3,2053.0,2017.66,2042.76,4655617
199,2020-04-08,2021.0,2044.0,2011.15,2043.0,3977313
200,2020-04-07,2017.11,2035.72,1997.62,2011.6,5113983
201,2020-04-06,1936.0,1998.52,1930.02,1997.59,5773181
202,2020-04-03,1911.15,1926.33,1889.15,1906.59,3609870
203,2020-04-02,1901.64,1927.5258,1890.0,1918.83,4335985
204,2020-04-01,1932.97,1944.96,1893.0,1907.7,4121875
205,2020-03-31,1964.35,1993.02,1944.01,1949.72,5123626
206,2020-03-30,1922.83,1973.63,1912.34,1963.95,6126087
207,2020-03-27,1930.86,1939.79,1899.92,1900.1,5387897
208,2020-03-26,1902.0,1956.49,1889.29,1955.49,6235118
209,2020-03-25,1920.69,1950.26,1885.78,1885.84,6479073
210,2020-03-24,1951.495,1955.0,1900.3403,1940.1,7147080
211,2020-03-23,1827.75,1919.4,1812.0,1902.83,7808489
212,2020-03-20,1926.31,1957.0,1820.73,1846.09,9817850
213,2020-03-19,1860.0,1945.0,1832.65,1880.93,10399943
214,2020-03-18,1750.0,1841.66,1745.0,1830.0,9645218
215,2020-03-17,1775.47,1857.775,1689.2402,1807.84,10917129
216,2020-03-16,1641.51,1759.4519,1626.0318,1689.15,8917265
217,2020-03-13,1755.0,1786.31,1680.62,1785.0,8809725
218,2020-03-12,1721.98,1765.0,1675.0,1676.61,11346214
219,2020-03-11,1857.85,1871.3194,1801.5,1820.86,5646831
220,2020-03-10,1870.88,1894.27,1818.17,1891.82,7133310
221,2020-03-09,1773.86,1862.77,1761.2901,1800.61,7813232
222,2020-03-06,1875.0,1910.87,1869.5,1901.09,5273580
223,2020-03-05,1933.0,1960.72,1910.0,1924.03,4748210
224,2020-03-04,1946.57,1978.0,1922.0,1975.83,4772919
225,2020-03-03,1975.37,1996.33,1888.09,1908.99,7534491
226,2020-03-02,1909.52,1954.51,1870.0,1953.95,6761651
227,2020-02-28,1814.59,1889.76,1811.13,1883.75,9493797
228,2020-02-27,1934.38,1975.0,1882.76,1884.3,8143993
229,2020-02-26,1970.28,2014.67,1960.45,1979.59,5240402
230,2020-02-25,2026.42,2034.6,1958.42,1972.74,6219094
231,2020-02-24,2003.18,2039.3,1987.97,2009.29,6546997
232,2020-02-21,2142.15,2144.55,2088.0,2095.97,4650740
233,2020-02-20,2173.07,2176.79,2127.45,2153.1,3131342
234,2020-02-19,2167.8,2185.1,2161.12,2170.22,2561165
235,2020-02-18,2125.02,2166.07,2124.11,2155.67,2951070
236,2020-02-14,2155.68,2159.04,2125.89,2134.87,2606169
237,2020-02-13,2144.99,2170.28,2142.0,2149.87,3031791
238,2020-02-12,2163.2,2180.25,2155.29,2160.0,3334264
239,2020-02-11,2150.9,2185.95,2136.0,2150.8,5746011
240,2020-02-10,2085.01,2135.6,2084.96,2133.91,5056235
241,2020-02-07,2041.99,2098.53,2038.1,2079.28,5095347
242,2020-02-06,2041.02,2056.3,2024.8,2050.23,3182954
243,2020-02-05,2071.02,2071.02,2032.0,2039.87,4376174
244,2020-02-04,2029.88,2059.8,2015.37,2049.67,5289338
245,2020-02-03,2010.6,2048.5,2000.25,2004.2,5899094
246,2020-01-31,2051.47,2055.72,2002.27,2008.72,15567283
247,2020-01-30,1858.0,1872.87,1850.61,1870.68,6327438
248,2020-01-29,1864.0,1874.75,1855.02,1858.0,2101390
249,2020-01-28,1840.5,1858.11,1830.02,1853.25,2808040
250,2020-01-27,1820.0,1841.0,1815.34,1828.34,3528509
251,2020-01-24,1891.37,1894.99,1847.44,1861.64,3766181
252,2020-01-23,1885.11,1889.98,1872.76,1884.58,2484613
253,2020-01-22,1896.09,1902.5,1883.34,1887.46,3216257
254,2020-01-21,1865.0,1894.27,1860.0,1892.0,3707785
255,2020-01-17,1885.89,1886.64,1857.25,1864.72,3997340
256,2020-01-16,1882.99,1885.59,1866.02,1877.94,2659493
257,2020-01-15,1872.25,1878.86,1855.09,1862.02,2896592
258,2020-01-14,1885.88,1887.11,1858.55,1869.44,3446381
259,2020-01-13,1891.31,1898.0,1880.8,1891.3,2785844
260,2020-01-10,1905.37,1906.94,1880.0,1883.16,2856959
261,2020-01-09,1909.89,1917.82,1895.8,1901.05,3174962
262,2020-01-08,1898.04,1911.0,1886.44,1891.97,3511966
263,2020-01-07,1904.5,1913.89,1892.04,1906.86,4134010
264,2020-01-06,1860.0,1903.69,1860.0,1902.88,4065698
265,2020-01-03,1864.5,1886.2,1864.5,1874.97,3766604
266,2020-01-02,1875.0,1898.01,1864.15,1898.01,4035910
267,2019-12-31,1842.0,1853.26,1832.23,1847.84,2510380
268,2019-12-30,1874.0,1884.0,1840.62,1846.89,3677306
269,2019-12-27,1882.92,1901.4,1866.01,1869.8,6188754
270,2019-12-26,1801.01,1870.46,1799.5,1868.77,6024608
271,2019-12-24,1793.81,1795.57,1787.58,1789.21,881337
272,2019-12-23,1788.26,1793.0,1784.51,1793.0,2137493
273,2019-12-20,1799.62,1802.97,1782.45,1786.5,5152460
274,2019-12-19,1780.5,1792.99,1774.06,1792.28,2738320
275,2019-12-18,1795.02,1798.2,1782.36,1784.03,3354137
276,2019-12-17,1778.01,1792.0,1777.39,1790.66,3646697
277,2019-12-16,1767.0,1769.5,1757.05,1769.21,3149345
278,2019-12-13,1765.0,1768.99,1755.0,1760.94,2747909
279,2019-12-12,1750.0,1764.0,1745.44,1760.33,3103949
280,2019-12-11,1741.67,1750.0,1735.71,1748.72,2101318
281,2019-12-10,1747.4,1750.67,1735.0,1739.21,2515644
282,2019-12-09,1750.66,1766.89,1745.61,1749.42,2502489
283,2019-12-06,1751.2,1754.4,1740.13,1751.6,3119979
284,2019-12-05,1763.5,1763.5,1740.0,1740.48,2827852
285,2019-12-04,1774.01,1789.09,1760.22,1760.69,2680700
286,2019-12-03,1760.0,1772.87,1747.23,1769.96,3529582
287,2019-12-02,1804.4,1805.55,1762.68,1781.6,3931750
288,2019-11-29,1817.78,1824.69,1800.79,1800.8,1923440
289,2019-11-27,1801.0,1824.5,1797.31,1818.51,3023355
290,2019-11-26,1779.92,1797.03,1778.35,1796.94,3190428
291,2019-11-25,1753.25,1777.42,1753.24,1773.84,3489467
292,2019-11-22,1739.02,1746.43,1731.0,1745.72,2479081
293,2019-11-21,1743.0,1746.87,1730.36,1734.71,2662938
294,2019-11-20,1749.14,1762.52,1734.12,1745.53,2793759
295,2019-11-19,1756.99,1760.68,1743.03,1752.79,2274535
296,2019-11-18,1738.3,1753.7,1722.71,1752.53,2841907
297,2019-11-15,1760.05,1761.68,1732.86,1739.49,3931141
298,2019-11-14,1751.43,1766.59,1749.56,1754.6,2269417
299,2019-11-13,1773.39,1775.0,1747.32,1753.11,2926892
300,2019-11-12,1774.66,1786.22,1771.91,1778.0,2038925
301,2019-11-11,1778.0,1780.0,1767.13,1771.65,1947810
302,2019-11-08,1787.89,1789.88,1774.04,1785.88,2126198
303,2019-11-07,1803.76,1805.9,1783.48,1788.2,2651086
304,2019-11-06,1801.0,1802.5,1788.58,1795.77,2029783
305,2019-11-05,1809.16,1810.25,1794.0,1801.71,1885543
306,2019-11-04,1801.01,1815.06,1801.01,1804.66,2771922
307,2019-11-01,1788.01,1797.45,1785.21,1791.44,2790354
308,2019-10-31,1775.99,1792.0,1771.48,1776.66,2781185
309,2019-10-30,1760.24,1782.38,1759.12,1779.99,2449405
310,2019-10-29,1774.81,1777.0,1755.81,1762.71,2276855
311,2019-10-28,1748.06,1778.7,1742.5,1777.08,3708851
312,2019-10-25,1697.55,1764.21,1695.0,1761.33,9626402
313,2019-10-24,1771.09,1788.34,1760.27,1780.78,5204350
314,2019-10-23,1761.3,1770.05,1742.0,1762.17,2190380
315,2019-10-22,1788.15,1789.78,1762.0,1765.73,2234425
316,2019-10-21,1769.66,1785.88,1765.0,1785.66,2224902
317,2019-10-18,1787.8,1793.98,1749.2,1757.51,3366091
318,2019-10-17,1796.49,1798.85,1782.02,1787.48,2713773
319,2019-10-16,1773.33,1786.24,1770.52,1777.43,2804068
320,2019-10-15,1742.14,1776.45,1740.62,1767.38,3129244
321,2019-10-14,1728.91,1741.89,1722.0,1736.43,1928898
322,2019-10-11,1742.92,1745.45,1729.86,1731.92,3279534
323,2019-10-10,1725.24,1738.29,1713.75,1720.26,2721531
324,2019-10-09,1719.61,1729.95,1714.36,1721.99,2089335
325,2019-10-08,1722.49,1727.0,1705.0,1705.51,2626840
326,2019-10-07,1731.63,1747.83,1723.7,1732.66,2187598
327,2019-10-04,1726.02,1740.58,1719.23,1739.65,2489277
328,2019-10-03,1713.0,1725.0,1685.06,1724.42,3624371
329,2019-10-02,1727.74,1728.89,1705.0,1713.23,3338476
330,2019-10-01,1746.0,1755.6,1728.41,1735.65,3170460
331,2019-09-30,1726.99,1737.46,1709.22,1735.91,2760768
332,2019-09-27,1748.0,1749.12,1713.82,1725.45,3948029
333,2019-09-26,1762.79,1763.37,1731.5,1739.84,3571952
334,2019-09-25,1747.36,1773.0,1723.0,1768.33,3531098
335,2019-09-24,1790.61,1795.71,1735.55,1741.61,4637901
336,2019-09-23,1777.0,1792.7,1767.32,1785.3,3139142
337,2019-09-20,1821.71,1830.63,1780.92,1794.16,5555839
338,2019-09-19,1821.02,1832.57,1817.9,1821.5,2078335
339,2019-09-18,1817.04,1822.06,1795.5,1817.46,2536012
340,2019-09-17,1807.08,1823.99,1804.1,1822.55,2033058
341,2019-09-16,1824.02,1825.69,1800.2,1807.84,3675473
342,2019-09-13,1842.01,1846.12,1835.17,1839.34,1971317
343,2019-09-12,1837.63,1853.66,1834.28,1843.55,2823505
344,2019-09-11,1812.14,1833.42,1809.08,1822.99,2432767
345,2019-09-10,1822.75,1825.81,1805.34,1820.55,2613879
346,2019-09-09,1841.0,1850.0,1824.61,1831.35,2999515
347,2019-09-06,1838.22,1840.65,1826.4,1833.51,2496933
348,2019-09-05,1821.95,1842.0,1815.58,1840.72,3325189
349,2019-09-04,1805.0,1807.63,1796.23,1800.62,2326228
350,2019-09-03,1770.0,1800.8,1768.0,1789.84,3546859
351,2019-08-30,1797.49,1799.74,1764.57,1776.29,3064147
352,2019-08-29,1783.0,1798.55,1777.25,1786.4,3018012
353,2019-08-28,1755.0,1767.86,1744.05,1764.25,2421893
354,2019-08-27,1775.73,1779.4,1746.68,1761.83,3027245
355,2019-08-26,1766.91,1770.0,1743.51,1768.87,3085320
356,2019-08-23,1793.03,1804.9,1745.23,1749.62,5277898
357,2019-08-22,1828.0,1829.41,1800.1,1805.6,2658388
358,2019-08-21,1819.39,1829.58,1815.0,1823.54,2039231
359,2019-08-20,1814.5,1816.82,1799.88,1801.38,1932835
360,2019-08-19,1818.08,1826.0,1812.61,1816.12,2820303
361,2019-08-16,1792.89,1802.91,1784.55,1792.57,3054240
362,2019-08-15,1781.99,1788.0,1761.96,1776.12,3809948
363,2019-08-14,1793.01,1795.65,1757.22,1762.96,4893649
364,2019-08-13,1783.0,1831.74,1780.0,1824.34,4075021
365,2019-08-12,1795.99,1800.98,1777.0,1784.92,2905498
366,2019-08-09,1828.95,1831.09,1802.22,1807.58,2879770
367,2019-08-08,1806.0,1834.26,1798.11,1832.89,3701242
368,2019-08-07,1773.99,1798.93,1757.0,1793.4,4526884
369,2019-08-06,1787.83,1793.77,1753.4,1787.83,5070258
370,2019-08-05,1770.22,1788.67,1748.78,1765.13,6058212
371,2019-08-02,1845.07,1846.36,1808.02,1823.24,4956225
372,2019-08-01,1871.72,1897.92,1844.01,1855.32,4713311
373,2019-07-31,1898.11,1899.55,1849.44,1866.78,4470727
374,2019-07-30,1891.12,1909.89,1883.48,1898.53,2910888
375,2019-07-29,1930.0,1932.23,1890.54,1912.45,4493190
376,2019-07-26,1942.0,1950.9,1924.51,1943.05,4927143
377,2019-07-25,2001.0,2001.2,1972.72,1973.82,4136461
378,2019-07-24,1969.3,2001.3,1965.87,2000.81,2631300
379,2019-07-23,1995.99,1997.79,1973.13,1994.49,2703480
380,2019-07-22,1971.14,1989.0,1958.26,1985.63,2908111
381,2019-07-19,1991.21,1996.0,1962.23,1964.52,3185612
382,2019-07-18,1977.9,1987.5,1951.55,1977.9,3504252
383,2019-07-17,2007.05,2012.0,1992.03,1992.03,2558809
384,2019-07-16,2010.58,2026.32,2001.22,2009.9,2618198
385,2019-07-15,2021.4,2022.9,2001.55,2020.99,2981343
386,2019-07-12,2008.27,2017.0,2003.87,2011.0,2509297
387,2019-07-11,2025.62,2035.8,1995.3,2001.07,4317766
388,2019-07-10,1996.51,2024.94,1995.4,2017.41,4931902
389,2019-07-09,1947.8,1990.01,1943.48,1988.3,4345698
390,2019-07-08,1934.12,1956.0,1928.25,1952.32,2883371
391,2019-07-05,1928.6,1945.9,1925.3,1942.91,2628359
392,2019-07-03,1935.89,1941.59,1930.5,1939.0,1690294
393,2019-07-02,1919.38,1934.79,1906.63,1934.31,2651299
394,2019-07-01,1922.98,1929.82,1914.66,1922.19,3203347
395,2019-06-28,1909.1,1912.94,1884.0,1893.63,3037358
396,2019-06-27,1902.0,1911.24,1898.04,1904.28,2141721
397,2019-06-26,1892.48,1903.8,1887.32,1897.83,2441910
398,2019-06-25,1911.84,1916.39,1872.42,1878.27,3012347
399,2019-06-24,1912.66,1916.86,1901.3,1913.9,2282969
400,2019-06-21,1916.1,1925.95,1907.58,1911.3,3933576
401,2019-06-20,1933.33,1935.2,1905.8,1918.19,3217153
402,2019-06-19,1907.84,1919.58,1892.47,1908.79,2895347
403,2019-06-18,1901.35,1921.67,1899.79,1901.37,3895728
404,2019-06-17,1876.5,1895.69,1875.45,1886.03,2634342
405,2019-06-14,1864.0,1876.0,1859.0,1869.67,2851163
406,2019-06-13,1866.72,1883.09,1862.22,1870.3,2795810
407,2019-06-12,1853.98,1865.0,1844.38,1855.32,2678335
408,2019-06-11,1883.25,1893.7,1858.0,1863.7,4042694
409,2019-06-10,1822.0,1884.87,1818.0,1860.63,5371007
410,2019-06-07,1763.7,1806.25,1759.49,1804.03,4808246
411,2019-06-06,1737.71,1760.0,1726.13,1754.36,3689272
412,2019-06-05,1749.6,1752.0,1715.25,1738.5,4239782
413,2019-06-04,1699.24,1730.82,1680.89,1729.56,5679121
414,2019-06-03,1760.01,1766.29,1672.0,1692.69,9098708
415,2019-05-31,1790.01,1795.59,1772.7,1775.07,4618819
416,2019-05-30,1825.49,1829.47,1807.83,1816.32,3146850
417,2019-05-29,1823.12,1830.0,1807.53,1819.19,4279025
418,2019-05-28,1832.75,1849.27,1827.35,1836.43,3199965
419,2019-05-24,1835.89,1841.76,1817.85,1823.28,3369673
420,2019-05-23,1836.59,1844.0,1804.2,1815.48,4424265
421,2019-05-22,1851.78,1871.49,1851.0,1859.68,2936601
422,2019-05-21,1874.79,1879.0,1846.0,1857.52,4005122
423,2019-05-20,1852.69,1867.78,1835.54,1858.97,3798198
424,2019-05-17,1893.05,1910.53,1867.33,1869.0,4736618
425,2019-05-16,1885.94,1917.51,1882.29,1907.57,4707822
426,2019-05-15,1827.95,1874.43,1823.0,1871.15,4692642
427,2019-05-14,1839.5,1852.44,1815.75,1840.12,4629107
428,2019-05-13,1836.56,1846.54,1818.0,1822.68,5783410
429,2019-05-10,1898.0,1903.79,1856.0,1889.98,5717994
430,2019-05-09,1900.0,1909.4,1876.0,1899.87,5308263
431,2019-05-08,1918.87,1935.37,1910.0,1917.77,4078568
432,2019-05-07,1939.99,1949.1,1903.38,1921.0,5902134
433,2019-05-06,1917.98,1959.0,1910.5,1950.55,5417841
434,2019-05-03,1949.0,1964.4,1936.0,1962.46,6381564
435,2019-05-02,1913.33,1921.55,1881.87,1900.82,3962915
436,2019-05-01,1933.09,1943.64,1910.55,1911.52,3116964
437,2019-04-30,1930.1,1935.71,1906.95,1926.52,3506007
438,2019-04-29,1949.0,1956.34,1934.09,1938.43,4021255
439,2019-04-26,1929.0,1951.0,1898.0,1950.63,8432563
440,2019-04-25,1917.0,1922.45,1900.31,1902.25,6099201
441,2019-04-24,1925.0,1929.69,1898.16,1901.75,3675781
442,2019-04-23,1891.2,1929.26,1889.58,1923.77,4640441
443,2019-04-22,1855.4,1888.42,1845.64,1887.31,3373807
444,2019-04-18,1868.79,1870.82,1859.48,1861.69,2749882
445,2019-04-17,1872.99,1876.47,1860.44,1864.82,2893517
446,2019-04-16,1851.35,1869.77,1848.0,1863.04,3044618
447,2019-04-15,1842.0,1846.85,1818.9,1844.87,3724423
448,2019-04-12,1848.4,1851.5,1841.3,1843.06,3114413
449,2019-04-11,1848.7,1849.95,1840.31,1844.07,2654842
450,2019-04-10,1841.0,1848.0,1828.81,1847.33,2963973
451,2019-04-09,1845.49,1853.09,1831.78,1835.84,3714368
452,2019-04-08,1833.23,1850.2,1825.11,1849.86,3752841
453,2019-04-05,1829.0,1838.58,1825.19,1837.28,3640476
454,2019-04-04,1820.65,1828.75,1804.2,1818.86,3623867
455,2019-04-03,1826.72,1830.0,1809.62,1820.7,3980590
456,2019-04-02,1811.02,1820.0,1805.12,1813.98,3448115
457,2019-04-01,1800.11,1815.67,1798.73,1814.19,4238752
458,2019-03-29,1786.58,1792.86,1776.63,1780.75,3320793
459,2019-03-28,1770.0,1777.93,1753.47,1773.42,3042958
460,2019-03-27,1784.13,1787.5,1745.68,1765.7,4324801
461,2019-03-26,1793.0,1805.77,1773.36,1783.76,4865880
462,2019-03-25,1757.79,1782.68,1747.5,1774.26,5103803
463,2019-03-22,1810.17,1818.98,1763.11,1764.77,6362983
464,2019-03-21,1796.26,1823.75,1787.28,1819.26,5767797
465,2019-03-20,1769.94,1799.5,1767.03,1797.27,6265633
466,2019-03-19,1753.51,1784.16,1753.51,1761.85,6364161
467,2019-03-18,1712.7,1750.0,1712.63,1742.15,5429058
468,2019-03-15,1703.0,1718.8,1693.13,1712.36,7550870
469,2019-03-14,1691.2,1702.0,1684.34,1686.22,2946618
470,2019-03-13,1683.0,1700.0,1679.35,1690.81,3552041
471,2019-03-12,1669.0,1684.27,1660.98,1673.1,3614498
472,2019-03-11,1626.12,1672.29,1626.01,1670.62,3876352
473,2019-03-08,1604.01,1622.72,1586.57,1620.8,4667014
474,2019-03-07,1667.37,1669.75,1620.51,1625.95,4957017
475,2019-03-06,1695.97,1697.75,1668.28,1668.95,3996001
476,2019-03-05,1702.95,1707.8,1689.01,1692.43,3681522
477,2019-03-04,1685.0,1709.43,1674.36,1696.17,6167358
478,2019-03-01,1655.13,1674.26,1651.0,1671.73,4974877
479,2019-02-28,1635.25,1651.77,1633.83,1639.83,3025891
480,2019-02-27,1628.18,1641.81,1615.1,1641.09,3148824
481,2019-02-26,1625.98,1639.99,1616.13,1636.4,2665815
482,2019-02-25,1641.45,1654.6,1630.39,1633.0,3184462
483,2019-02-22,1623.5,1634.94,1621.17,1631.56,3096191
484,2019-02-21,1619.85,1623.56,1600.91,1619.44,3483392
485,2019-02-20,1630.0,1634.93,1610.12,1622.1,3337589
486,2019-02-19,1601.0,1634.0,1600.56,1627.58,3681656
487,2019-02-15,1627.86,1628.91,1604.5,1607.95,4343893
488,2019-02-14,1624.5,1637.9,1606.06,1622.65,4120524
489,2019-02-13,1647.0,1656.38,1637.11,1640.0,3560321
490,2019-02-12,1604.0,1639.4,1598.88,1638.01,4858604
491,2019-02-11,1600.98,1609.29,1586.0,1591.0,3317328
492,2019-02-08,1586.0,1588.59,1566.76,1588.22,5657457
493,2019-02-07,1625.0,1625.54,1592.91,1614.37,4626589
494,2019-02-06,1670.75,1672.26,1633.34,1640.26,3939883
495,2019-02-05,1643.34,1665.26,1642.5,1658.81,4453105
496,2019-02-04,1623.0,1649.63,1613.5,1633.31,4929187
497,2019-02-01,1638.88,1673.06,1622.01,1626.23,11506213
498,2019-01-31,1692.85,1736.41,1679.08,1718.73,10910338
499,2019-01-30,1623.0,1676.95,1619.68,1670.43,5783822
500,2019-01-29,1631.27,1632.38,1590.72,1593.88,4632782
501,2019-01-28,1643.59,1645.0,1614.09,1637.89,4837711
502,2019-01-25,1670.5,1683.48,1661.61,1670.57,4959679
503,2019-01-24,1641.07,1657.26,1631.78,1654.93,4089943
504,2019-01-23,1656.0,1657.43,1612.0,1640.02,5225212
505,2019-01-22,1681.0,1681.87,1610.2,1632.17,6416796
506,2019-01-18,1712.0,1716.2,1691.54,1696.2,6020503
507,2019-01-17,1680.0,1700.17,1677.5,1693.22,4208875
508,2019-01-16,1684.22,1705.0,1675.88,1683.78,6366864
509,2019-01-15,1632.0,1675.16,1626.01,1674.56,5998510
510,2019-01-14,1615.0,1648.2,1595.15,1617.21,6005888
511,2019-01-11,1640.55,1660.29,1636.22,1640.56,4686222
512,2019-01-10,1641.01,1663.25,1621.62,1656.22,6507693
513,2019-01-09,1652.98,1667.8,1641.4,1659.42,6348801
514,2019-01-08,1664.69,1676.61,1616.61,1656.58,8881428
515,2019-01-07,1602.31,1634.56,1589.19,1629.51,7993213
516,2019-01-04,1530.0,1594.0,1518.31,1575.39,9182575
517,2019-01-03,1520.01,1538.0,1497.11,1500.28,6975572
518,2019-01-02,1465.2,1553.36,1460.93,1539.13,7983103
